-- Survey Data (Teams & Current User)

INSERT INTO public.team_member (user_id, team_id, role, active) VALUES (100001, 2, 'MEMBER', true);
INSERT INTO public.team_member (user_id, team_id, role, active) VALUES (100002, 2, 'MEMBER', true);


INSERT INTO public.happiness_survey (user_id, submitted, score) VALUES (100002, '2024-05-24 12:00:00.000000 +00:00', 2);
INSERT INTO public.happiness_survey (user_id, submitted, score) VALUES (100002, '2024-05-24 15:00:00.000000 +00:00', 14);
INSERT INTO public.happiness_survey (user_id, submitted, score) VALUES (100002, '2024-05-25 12:00:00.000000 +00:00', 8);
INSERT INTO public.happiness_survey (user_id, submitted, score) VALUES (100002, '2024-05-26 12:00:00.000000 +00:00', 20);
INSERT INTO public.happiness_survey (user_id, submitted, score) VALUES (100002, '2024-05-27 12:00:00.000000 +00:00', 14);
INSERT INTO public.happiness_survey (user_id, submitted, score) VALUES (100002, '2024-05-28 12:00:00.000000 +00:00', 2);
INSERT INTO public.happiness_survey (user_id, submitted, score) VALUES (100002, '2024-05-28 17:00:00.000000 +00:00', 8);
INSERT INTO public.happiness_survey (user_id, submitted, score) VALUES (100002, '2024-05-29 12:00:00.000000 +00:00', 14);
INSERT INTO public.happiness_survey (user_id, submitted, score) VALUES (100002, '2024-05-30 12:00:00.000000 +00:00', 20);
INSERT INTO public.happiness_survey (user_id, submitted, score) VALUES (100002, '2024-05-30 18:00:00.000000 +00:00', 2);
INSERT INTO public.happiness_survey (user_id, submitted, score) VALUES (100002, '2024-06-08 17:00:00.000000 +00:00', 8);
INSERT INTO public.happiness_survey (user_id, submitted, score) VALUES (100002, '2024-06-09 12:00:00.000000 +00:00', 14);

INSERT INTO public.happiness_survey (user_id, submitted, score) VALUES (100002, '2024-06-13 12:00:00.000000 +00:00', 20);
INSERT INTO public.happiness_survey (user_id, submitted, score) VALUES (100002, '2024-06-14 12:00:00.000000 +00:00', 2);
INSERT INTO public.happiness_survey (user_id, submitted, score) VALUES (100002, '2024-06-14 17:00:00.000000 +00:00', 8);
INSERT INTO public.happiness_survey (user_id, submitted, score) VALUES (100002, '2024-06-15 12:00:00.000000 +00:00', 14);
INSERT INTO public.happiness_survey (user_id, submitted, score) VALUES (100002, '2024-06-16 12:00:00.000000 +00:00', 20);
INSERT INTO public.happiness_survey (user_id, submitted, score) VALUES (100002, '2024-06-17 18:00:00.000000 +00:00', 17);
INSERT INTO public.happiness_survey (user_id, submitted, score) VALUES (100002, '2024-06-18 12:00:00.000000 +00:00', 14);
INSERT INTO public.happiness_survey (user_id, submitted, score) VALUES (100002, '2024-06-19 12:00:00.000000 +00:00', 20);
INSERT INTO public.happiness_survey (user_id, submitted, score) VALUES (100002, '2024-06-19 12:00:00.000000 +00:00', 20);
INSERT INTO public.happiness_survey (user_id, submitted, score) VALUES (100002, '2024-06-20 12:00:00.000000 +00:00', 2);
INSERT INTO public.happiness_survey (user_id, submitted, score) VALUES (100002, '2024-06-20 12:00:00.000000 +00:00', 2);

INSERT INTO public.happiness_survey (user_id, submitted, score) VALUES (100002, '2024-06-23 12:00:00.000000 +00:00', 2);
INSERT INTO public.happiness_survey (user_id, submitted, score) VALUES (100002, '2024-06-23 18:00:00.000000 +00:00', 20);
INSERT INTO public.happiness_survey (user_id, submitted, score) VALUES (100002, '2024-06-23 12:00:00.000000 +00:00', 14);
INSERT INTO public.happiness_survey (user_id, submitted, score) VALUES (100002, '2024-06-24 12:00:00.000000 +00:00', 14);
INSERT INTO public.happiness_survey (user_id, submitted, score) VALUES (100002, '2024-06-23 18:00:00.000000 +00:00', 8);
INSERT INTO public.happiness_survey (user_id, submitted, score) VALUES (100002, '2024-06-24 12:00:00.000000 +00:00', 2);
INSERT INTO public.happiness_survey (user_id, submitted, score) VALUES (100002, '2024-06-25 12:00:00.000000 +00:00', 20);
INSERT INTO public.happiness_survey (user_id, submitted, score) VALUES (100002, '2024-06-25 12:00:00.000000 +00:00', 18);
INSERT INTO public.happiness_survey (user_id, submitted, score) VALUES (100002, '2024-06-26 12:00:00.000000 +00:00', 2);
INSERT INTO public.happiness_survey (user_id, submitted, score) VALUES (100002, '2024-06-26 12:00:00.000000 +00:00', 14);
INSERT INTO public.happiness_survey (user_id, submitted, score) VALUES (100002, '2024-06-26 15:00:00.000000 +00:00', 14);
INSERT INTO public.happiness_survey (user_id, submitted, score) VALUES (100002, '2024-06-26 15:00:00.000000 +00:00', 8);
INSERT INTO public.happiness_survey (user_id, submitted, score) VALUES (100002, '2024-06-27 12:00:00.000000 +00:00', 14);
INSERT INTO public.happiness_survey (user_id, submitted, score) VALUES (100002, '2024-06-27 12:00:00.000000 +00:00', 20);
INSERT INTO public.happiness_survey (user_id, submitted, score) VALUES (100002, '2024-06-28 12:00:00.000000 +00:00', 2);
INSERT INTO public.happiness_survey (user_id, submitted, score) VALUES (100001, '2024-06-28 12:00:00.000000 +00:00', 12);
INSERT INTO public.happiness_survey (user_id, submitted, score) VALUES (100002, '2024-06-28 12:00:00.000000 +00:00', 20);
INSERT INTO public.happiness_survey (user_id, submitted, score) VALUES (100002, '2024-07-31 19:28:42.118978 +00:00', 1);
INSERT INTO public.happiness_survey (user_id, submitted, score) VALUES (100001, '2024-07-31 19:28:42.118978 +00:00', 4);
INSERT INTO public.happiness_survey (user_id, submitted, score) VALUES (100001, '2024-07-31 19:28:42.118978 +00:00', 3);
INSERT INTO public.happiness_survey (user_id, submitted, score) VALUES (100001, '2024-07-31 19:28:42.118978 +00:00', 2);
INSERT INTO public.happiness_survey (user_id, submitted, score) VALUES (100001, '2024-07-31 19:28:42.118978 +00:00', 1);
INSERT INTO public.happiness_survey (user_id, submitted, score) VALUES (100001, '2024-07-31 19:28:42.118978 +00:00', 4);
INSERT INTO public.happiness_survey (user_id, submitted, score) VALUES (100001, '2024-07-31 19:28:42.118978 +00:00', 17);
INSERT INTO public.happiness_survey (user_id, submitted, score) VALUES (100001, '2024-07-31 19:28:42.118978 +00:00', 4);
INSERT INTO public.happiness_survey (user_id, submitted, score) VALUES (100001, '2024-07-31 19:34:13.345854 +00:00', 17);
INSERT INTO public.happiness_survey (user_id, submitted, score) VALUES (100001, '2024-07-31 19:34:14.468440 +00:00', 8);
INSERT INTO public.work_kind_survey (user_id, submitted, score, work_kind_id) VALUES (100001, '2024-08-01 12:54:10.518398 +00:00', 9, 17);
INSERT INTO public.work_kind_survey (user_id, submitted, score, work_kind_id) VALUES (100001, '2024-07-01 12:54:09.809490 +00:00', 3, 17);
INSERT INTO public.work_kind_survey (user_id, submitted, score, work_kind_id) VALUES (100001, '2024-05-01 12:54:09.809490 +00:00', 5, 17);
INSERT INTO public.work_kind_survey (user_id, submitted, score, work_kind_id) VALUES (100001, '2024-03-01 12:54:09.809490 +00:00', 8, 17);
INSERT INTO public.work_kind_survey (user_id, submitted, score, work_kind_id) VALUES (100001, '2024-05-01 12:54:09.809490 +00:00', 11, 16);
INSERT INTO public.work_kind_survey (user_id, submitted, score, work_kind_id) VALUES (100001, '2024-08-01 12:54:09.069607 +00:00', 4, 7);
INSERT INTO public.work_kind_survey (user_id, submitted, score, work_kind_id) VALUES (100001, '2024-08-03 12:54:10.518398 +00:00', 4, 17);
INSERT INTO public.work_kind_survey (user_id, submitted, score, work_kind_id) VALUES (100001, '2024-04-01 12:54:10.518398 +00:00', 12, 17);
INSERT INTO public.work_kind_survey (user_id, submitted, score, work_kind_id) VALUES (100001, '2024-05-01 12:54:10.518398 +00:00', 4, 17);
INSERT INTO public.work_kind_survey (user_id, submitted, score, work_kind_id) VALUES (100001, '2024-08-01 12:54:09.809490 +00:00', 7, 18);
INSERT INTO public.work_kind_survey (user_id, submitted, score, work_kind_id) VALUES (100001, '2024-08-01 12:54:09.069607 +00:00', 4, 7);
INSERT INTO public.work_kind_survey (user_id, submitted, score, work_kind_id) VALUES (100002, '2024-05-01 12:54:09.809490 +00:00', 11, 17);
INSERT INTO public.work_kind_survey (user_id, submitted, score, work_kind_id) VALUES (100002, '2024-08-01 12:54:09.069607 +00:00', 4, 7);
INSERT INTO public.work_kind_survey (user_id, submitted, score, work_kind_id) VALUES (100002, '2024-08-03 12:54:10.518398 +00:00', 4, 18);
INSERT INTO public.work_kind_survey (user_id, submitted, score, work_kind_id) VALUES (100002, '2024-04-01 12:54:10.518398 +00:00', 12, 17);
INSERT INTO public.work_kind_survey (user_id, submitted, score, work_kind_id) VALUES (100002, '2024-05-01 12:54:10.518398 +00:00', 20, 17);
INSERT INTO public.work_kind_survey (user_id, submitted, score, work_kind_id) VALUES (100002, '2024-05-01 12:54:10.518398 +00:00', 4, 17);
INSERT INTO public.work_kind_survey (user_id, submitted, score, work_kind_id) VALUES (100002, '2024-08-01 12:54:09.809490 +00:00', 7, 17);
INSERT INTO public.work_kind_survey (user_id, submitted, score, work_kind_id) VALUES (100002, '2024-08-01 12:54:09.069607 +00:00', 4, 7);
INSERT INTO public.work_kind_survey (user_id, submitted, score, work_kind_id) VALUES (100001, '2024-07-09 10:00:00 +00:00', 7, 7);
INSERT INTO public.work_kind_survey (user_id, submitted, score, work_kind_id) VALUES (100002, '2024-07-10 10:30:00 +00:00', 6, 8);
INSERT INTO public.work_kind_survey (user_id, submitted, score, work_kind_id) VALUES (100001, '2024-07-13 12:00:00 +00:00', 8, 17);
INSERT INTO public.work_kind_survey (user_id, submitted, score, work_kind_id) VALUES (100002, '2024-07-14 12:30:00 +00:00', 9, 17);
INSERT INTO public.work_kind_survey (user_id, submitted, score, work_kind_id) VALUES (100001, '2024-07-17 14:00:00 +00:00', 9, 9);
INSERT INTO public.work_kind_survey (user_id, submitted, score, work_kind_id) VALUES (100002, '2024-07-18 14:30:00 +00:00', 8, 10);
INSERT INTO public.work_kind_survey (user_id, submitted, score, work_kind_id) VALUES (100001, '2024-08-03 12:54:10.518398 +00:00', 20, 17);
INSERT INTO public.work_kind_survey (user_id, submitted, score, work_kind_id) VALUES (100001, '2024-04-01 12:54:10.518398 +00:00', 10, 17);
INSERT INTO public.work_kind_survey (user_id, submitted, score, work_kind_id) VALUES (100001, '2024-05-01 12:54:10.518398 +00:00', 5, 17);
INSERT INTO public.work_kind_survey (user_id, submitted, score, work_kind_id) VALUES (100001, '2024-08-01 12:54:10.518398 +00:00', 20, 17);
INSERT INTO public.work_kind_survey (user_id, submitted, score, work_kind_id) VALUES (100002, '2024-04-01 12:54:10.518398 +00:00', 20, 17);
INSERT INTO public.work_kind_survey (user_id, submitted, score, work_kind_id) VALUES (100002, '2024-08-03 12:54:10.518398 +00:00', 13, 17);
-- emotions - > check correct id's
INSERT INTO public.emotion_survey (user_id, submitted, emotion_id) VALUES (100001, '2024-08-01 16:30:27.510427 +00:00', 12);
INSERT INTO public.emotion_survey (user_id, submitted, emotion_id) VALUES (100001, '2024-08-01 16:30:29.936252 +00:00', 1);
INSERT INTO public.emotion_survey (user_id, submitted, emotion_id) VALUES (100001, '2024-08-01 16:30:30.454504 +00:00', 14);
INSERT INTO public.emotion_survey (user_id, submitted, emotion_id) VALUES (100001, '2024-08-01 16:30:30.995367 +00:00', 12);
INSERT INTO public.emotion_survey (user_id, submitted, emotion_id) VALUES (100001, '2024-08-01 16:30:31.389732 +00:00', 17);
INSERT INTO public.emotion_survey (user_id, submitted, emotion_id) VALUES (100001, '2024-08-01 16:30:32.071133 +00:00', 3);
INSERT INTO public.emotion_survey (user_id, submitted, emotion_id) VALUES (100001, '2024-08-01 16:30:32.678330 +00:00', 3);
INSERT INTO public.emotion_survey (user_id, submitted, emotion_id) VALUES (100001, '2024-08-01 16:30:33.124167 +00:00', 17);
INSERT INTO public.emotion_survey (user_id, submitted, emotion_id) VALUES (100001, '2024-08-01 16:30:27.510427 +00:00', 8);
INSERT INTO public.emotion_survey (user_id, submitted, emotion_id) VALUES (100001, '2024-08-01 16:30:29.936252 +00:00', 8);
INSERT INTO public.emotion_survey (user_id, submitted, emotion_id) VALUES (100001, '2024-08-01 16:30:30.454504 +00:00', 7);
INSERT INTO public.emotion_survey (user_id, submitted, emotion_id) VALUES (100001, '2024-08-01 16:30:30.995367 +00:00', 9);
INSERT INTO public.emotion_survey (user_id, submitted, emotion_id) VALUES (100002, '2024-08-01 16:30:31.389732 +00:00', 11);
INSERT INTO public.emotion_survey (user_id, submitted, emotion_id) VALUES (100002, '2024-08-01 16:30:32.071133 +00:00', 12);
INSERT INTO public.emotion_survey (user_id, submitted, emotion_id) VALUES (100002, '2024-08-01 16:30:32.678330 +00:00', 4);
INSERT INTO public.emotion_survey (user_id, submitted, emotion_id) VALUES (100002, '2024-08-01 16:30:33.124167 +00:00', 17);
INSERT INTO public.emotion_survey (user_id, submitted, emotion_id) VALUES (100002, '2024-08-01 16:30:27.510427 +00:00', 7);
INSERT INTO public.emotion_survey (user_id, submitted, emotion_id) VALUES (100002, '2024-08-01 16:30:29.936252 +00:00', 4);
INSERT INTO public.emotion_survey (user_id, submitted, emotion_id) VALUES (100002, '2024-08-01 16:30:30.454504 +00:00', 17);
INSERT INTO public.emotion_survey (user_id, submitted, emotion_id) VALUES (100002, '2024-08-01 16:30:30.995367 +00:00', 9);
INSERT INTO public.emotion_survey (user_id, submitted, emotion_id) VALUES (100002, '2024-08-01 16:30:30.454504 +00:00', 10);
INSERT INTO public.emotion_survey (user_id, submitted, emotion_id) VALUES (100002, '2024-08-01 16:30:29.936252 +00:00', 14);

-- replace user 1 to 2 if needed
INSERT INTO public.happiness_survey (user_id, submitted, score) VALUES (1, '2024-07-31 19:34:13.345854 +00:00', 20);
INSERT INTO public.happiness_survey (user_id, submitted, score) VALUES (1, '2024-06-14 12:00:00.000000 +00:00', 8);
INSERT INTO public.happiness_survey (user_id, submitted, score) VALUES (1, '2024-06-14 17:00:00.000000 +00:00', 14);
INSERT INTO public.happiness_survey (user_id, submitted, score) VALUES (1, '2024-06-15 12:00:00.000000 +00:00', 14);
INSERT INTO public.happiness_survey (user_id, submitted, score) VALUES (1, '2024-06-16 12:00:00.000000 +00:00', 20);
INSERT INTO public.happiness_survey (user_id, submitted, score) VALUES (1, '2024-06-17 18:00:00.000000 +00:00', 4);
INSERT INTO public.happiness_survey (user_id, submitted, score) VALUES (1, '2024-06-18 12:00:00.000000 +00:00', 14);
INSERT INTO public.happiness_survey (user_id, submitted, score) VALUES (1, '2024-06-23 12:00:00.000000 +00:00', 2);
INSERT INTO public.happiness_survey (user_id, submitted, score) VALUES (1, '2024-06-23 18:00:00.000000 +00:00', 8);
INSERT INTO public.happiness_survey (user_id, submitted, score) VALUES (1, '2024-06-24 12:00:00.000000 +00:00', 14);
INSERT INTO public.happiness_survey (user_id, submitted, score) VALUES (1, '2024-06-25 12:00:00.000000 +00:00', 4);
INSERT INTO public.happiness_survey (user_id, submitted, score) VALUES (1, '2024-06-26 12:00:00.000000 +00:00', 2);
INSERT INTO public.happiness_survey (user_id, submitted, score) VALUES (1, '2024-06-27 12:00:00.000000 +00:00', 14);
INSERT INTO public.happiness_survey (user_id, submitted, score) VALUES (1, '2024-06-28 12:00:00.000000 +00:00', 14);
INSERT INTO public.happiness_survey (user_id, submitted, score) VALUES (1, '2024-06-26 15:00:00.000000 +00:00', 3);
INSERT INTO public.happiness_survey (user_id, submitted, score) VALUES (1, '2024-06-22 12:00:00.000000 +00:00', 14);
INSERT INTO public.work_kind_survey (user_id, submitted, score, work_kind_id) VALUES (1, '2024-08-01 12:54:09.069607 +00:00', 4, 7);
INSERT INTO public.work_kind_survey (user_id, submitted, score, work_kind_id) VALUES (1, '2024-08-01 12:54:10.518398 +00:00', 14, 17);
INSERT INTO public.work_kind_survey (user_id, submitted, score, work_kind_id) VALUES (1, '2024-07-01 12:54:10.518398 +00:00', 5, 17);
INSERT INTO public.work_kind_survey (user_id, submitted, score, work_kind_id) VALUES (1, '2024-06-01 12:54:10.518398 +00:00', 4, 17);
INSERT INTO public.work_kind_survey (user_id, submitted, score, work_kind_id) VALUES (1, '2024-05-01 12:54:10.518398 +00:00', 9, 17);
INSERT INTO public.work_kind_survey (user_id, submitted, score, work_kind_id) VALUES (1, '2024-06-02 12:54:09.809490 +00:00', 3, 17);
INSERT INTO public.work_kind_survey (user_id, submitted, score, work_kind_id) VALUES (1, '2024-08-01 12:54:10.518398 +00:00', 4, 17);
INSERT INTO public.work_kind_survey (user_id, submitted, score, work_kind_id) VALUES (1, '2024-08-01 12:54:09.809490 +00:00', 3, 17);
INSERT INTO public.work_kind_survey (user_id, submitted, score, work_kind_id) VALUES (1, '2024-08-01 12:54:09.069607 +00:00', 4, 7);
INSERT INTO public.work_kind_survey (user_id, submitted, score, work_kind_id) VALUES (1, '2024-07-01 09:30:00 +00:00', 8, 17);
INSERT INTO public.work_kind_survey (user_id, submitted, score, work_kind_id) VALUES (1, '2024-07-02 10:00:00 +00:00', 6, 17);
INSERT INTO public.work_kind_survey (user_id, submitted, score, work_kind_id) VALUES (1, '2024-07-03 14:45:00 +00:00', 9, 7);
INSERT INTO public.work_kind_survey (user_id, submitted, score, work_kind_id) VALUES (1, '2024-07-04 11:30:00 +00:00', 7, 8);
INSERT INTO public.work_kind_survey (user_id, submitted, score, work_kind_id) VALUES (1, '2024-07-05 15:20:00 +00:00', 5, 9);
INSERT INTO public.work_kind_survey (user_id, submitted, score, work_kind_id) VALUES (1, '2024-07-06 16:10:00 +00:00', 10, 10);
INSERT INTO public.work_kind_survey (user_id, submitted, score, work_kind_id) VALUES (1, '2024-07-07 09:00:00 +00:00', 9, 17);
INSERT INTO public.work_kind_survey (user_id, submitted, score, work_kind_id) VALUES (1, '2024-07-08 09:30:00 +00:00', 8, 17);
INSERT INTO public.work_kind_survey (user_id, submitted, score, work_kind_id) VALUES (1, '2024-07-11 11:00:00 +00:00', 5, 9);
INSERT INTO public.work_kind_survey (user_id, submitted, score, work_kind_id) VALUES (1, '2024-07-12 11:30:00 +00:00', 10, 10);
INSERT INTO public.work_kind_survey (user_id, submitted, score, work_kind_id) VALUES (1, '2024-08-01 12:54:10.518398 +00:00', 20, 17);
INSERT INTO public.work_kind_survey (user_id, submitted, score, work_kind_id) VALUES (1, '2024-08-01 12:54:10.518398 +00:00', 20, 17);
INSERT INTO public.work_kind_survey (user_id, submitted, score, work_kind_id) VALUES (1, '2024-07-01 12:54:10.518000 +00:00', 20, 17);
INSERT INTO public.work_kind_survey (user_id, submitted, score, work_kind_id) VALUES (1, '2024-05-01 12:54:10.518398 +00:00', 20, 17);
INSERT INTO public.work_kind_survey (user_id, submitted, score, work_kind_id) VALUES (1, '2024-05-01 12:54:10.518398 +00:00', 20, 17);
INSERT INTO public.work_kind_survey (user_id, submitted, score, work_kind_id) VALUES (1, '2024-08-01 12:54:10.518398 +00:00', 20, 17);
INSERT INTO public.work_kind_survey (user_id, submitted, score, work_kind_id) VALUES (1, '2024-07-15 13:00:00 +00:00', 6, 7);
INSERT INTO public.work_kind_survey (user_id, submitted, score, work_kind_id) VALUES (1, '2024-07-16 13:30:00 +00:00', 7, 8);
INSERT INTO public.emotion_survey (user_id, submitted, emotion_id) VALUES (1, '2024-07-31 19:34:07.666594 +00:00', 12);
INSERT INTO public.emotion_survey (user_id, submitted, emotion_id) VALUES (1, '2024-07-31 19:34:09.243060 +00:00', 13);
INSERT INTO public.emotion_survey (user_id, submitted, emotion_id) VALUES (1, '2024-08-01 16:30:27.510427 +00:00', 3);
INSERT INTO public.emotion_survey (user_id, submitted, emotion_id) VALUES (1, '2024-08-01 16:30:29.936252 +00:00', 4);
INSERT INTO public.emotion_survey (user_id, submitted, emotion_id) VALUES (1, '2024-08-01 16:30:30.454504 +00:00', 17);
INSERT INTO public.emotion_survey (user_id, submitted, emotion_id) VALUES (1, '2024-08-01 16:30:31.389732 +00:00', 11);
INSERT INTO public.emotion_survey (user_id, submitted, emotion_id) VALUES (1, '2024-08-01 16:30:32.071133 +00:00', 4);
INSERT INTO public.emotion_survey (user_id, submitted, emotion_id) VALUES (1, '2024-08-01 16:30:32.678330 +00:00', 9);
INSERT INTO public.emotion_survey (user_id, submitted, emotion_id) VALUES (1, '2024-07-31 19:34:07.666594 +00:00', 8);
INSERT INTO public.emotion_survey (user_id, submitted, emotion_id) VALUES (1, '2024-07-03 16:30:30.995000 +00:00', 8);
INSERT INTO public.emotion_survey (user_id, submitted, emotion_id) VALUES (1, '2024-08-01 16:30:29.936252 +00:00', 7);
INSERT INTO public.emotion_survey (user_id, submitted, emotion_id) VALUES (1, '2024-08-01 16:30:30.454504 +00:00', 7);
INSERT INTO public.emotion_survey (user_id, submitted, emotion_id) VALUES (1, '2024-08-01 16:30:31.389732 +00:00', 11);
INSERT INTO public.emotion_survey (user_id, submitted, emotion_id) VALUES (1, '2024-08-01 16:30:32.071133 +00:00', 10);
INSERT INTO public.emotion_survey (user_id, submitted, emotion_id) VALUES (1, '2024-08-02 14:58:54.285556 +00:00', 2);
INSERT INTO public.emotion_survey (user_id, submitted, emotion_id) VALUES (1, '2024-08-02 14:58:56.417676 +00:00', 1);
INSERT INTO public.emotion_survey (user_id, submitted, emotion_id) VALUES (1, '2024-08-02 14:58:58.560984 +00:00', 9);
INSERT INTO public.emotion_survey (user_id, submitted, emotion_id) VALUES (1, '2024-08-02 15:02:17.283271 +00:00', 8);
INSERT INTO public.emotion_survey (user_id, submitted, emotion_id) VALUES (1, '2024-08-02 15:02:25.270174 +00:00', 17);
INSERT INTO public.emotion_survey (user_id, submitted, emotion_id) VALUES (1, '2024-08-02 15:02:33.236664 +00:00', 17);
INSERT INTO public.emotion_survey (user_id, submitted, emotion_id) VALUES (1, '2024-08-02 15:02:34.382377 +00:00', 4);
INSERT INTO public.work_kind_survey (user_id, submitted, score, work_kind_id) VALUES (1, '2024-08-01 12:54:09.069607 +00:00', 4, 14);
INSERT INTO public.work_kind_survey (user_id, submitted, score, work_kind_id) VALUES (1, '2024-08-01 12:54:10.518398 +00:00', 20, 14);
INSERT INTO public.work_kind_survey (user_id, submitted, score, work_kind_id) VALUES (1, '2024-08-01 12:54:10.518398 +00:00', 20, 17);
INSERT INTO public.work_kind_survey (user_id, submitted, score, work_kind_id) VALUES (1, '2024-08-03 12:54:10.518398 +00:00', 20, 17);
INSERT INTO public.work_kind_survey (user_id, submitted, score, work_kind_id) VALUES (1, '2024-05-01 12:54:10.518398 +00:00', 5, 17);
INSERT INTO public.work_kind_survey (user_id, submitted, score, work_kind_id) VALUES (1, '2024-05-01 12:54:10.518398 +00:00', 20, 11);
INSERT INTO public.work_kind_survey (user_id, submitted, score, work_kind_id) VALUES (1, '2024-04-01 12:54:10.518398 +00:00', 20, 17);
INSERT INTO public.work_kind_survey (user_id, submitted, score, work_kind_id) VALUES (1, '2024-08-02 12:34:22.805506 +00:00', 1, 8);
INSERT INTO public.work_kind_survey (user_id, submitted, score, work_kind_id) VALUES (1, '2024-08-02 13:29:35.677432 +00:00', 14, 9);
INSERT INTO public.work_kind_survey (user_id, submitted, score, work_kind_id) VALUES (1, '2024-08-02 13:29:36.276328 +00:00', 8, 8);
INSERT INTO public.work_kind_survey (user_id, submitted, score, work_kind_id) VALUES (1, '2024-08-01 12:54:09.069607 +00:00', 4, 14);
INSERT INTO public.work_kind_survey (user_id, submitted, score, work_kind_id) VALUES (1, '2024-08-02 14:40:12.871626 +00:00', 20, 14);
INSERT INTO public.work_kind_survey (user_id, submitted, score, work_kind_id) VALUES (1, '2024-08-01 12:54:09.809490 +00:00', 3, 17);
INSERT INTO public.work_kind_survey (user_id, submitted, score, work_kind_id) VALUES (1, '2024-08-01 12:54:09.069607 +00:00', 4, 14);
INSERT INTO public.work_kind_survey (user_id, submitted, score, work_kind_id) VALUES (1, '2024-06-01 12:54:10.518398 +00:00', 4, 17);
INSERT INTO public.work_kind_survey (user_id, submitted, score, work_kind_id) VALUES (1, '2024-06-02 12:54:09.809490 +00:00', 3, 17);
INSERT INTO public.work_kind_survey (user_id, submitted, score, work_kind_id) VALUES (1, '2024-08-01 12:54:10.518398 +00:00', 20, 14);
INSERT INTO public.work_kind_survey (user_id, submitted, score, work_kind_id) VALUES (1, '2024-08-01 12:54:10.518398 +00:00', 20, 17);
INSERT INTO public.work_kind_survey (user_id, submitted, score, work_kind_id) VALUES (1, '2024-08-01 12:54:10.518398 +00:00', 20, 17);
INSERT INTO public.work_kind_survey (user_id, submitted, score, work_kind_id) VALUES (1, '2024-08-02 14:40:13.446130 +00:00', 20, 14);
INSERT INTO public.work_kind_survey (user_id, submitted, score, work_kind_id) VALUES (1, '2024-08-02 14:40:13.625317 +00:00', 20, 14);
INSERT INTO public.work_kind_survey (user_id, submitted, score, work_kind_id) VALUES (1, '2024-08-02 14:40:14.012145 +00:00', 8, 14);
INSERT INTO public.work_kind_survey (user_id, submitted, score, work_kind_id) VALUES (1, '2024-08-02 14:58:39.742351 +00:00', 8, 17);
INSERT INTO public.work_kind_survey (user_id, submitted, score, work_kind_id) VALUES (1, '2024-08-02 14:58:47.457798 +00:00', 1, 8);
INSERT INTO public.work_kind_survey (user_id, submitted, score, work_kind_id) VALUES (1, '2024-08-02 15:02:44.882066 +00:00', 1, 14);
INSERT INTO public.work_kind_survey (user_id, submitted, score, work_kind_id) VALUES (1, '2024-08-02 15:02:45.659849 +00:00', 8, 14);
INSERT INTO public.work_kind_survey (user_id, submitted, score, work_kind_id) VALUES (1, '2024-08-02 15:02:59.51713 +00:00', 8, 17);
INSERT INTO public.work_kind_survey (user_id, submitted, score, work_kind_id) VALUES (1, '2024-08-02 15:03:00.728083 +00:00', 1, 17);
INSERT INTO public.work_kind_survey (user_id, submitted, score, work_kind_id) VALUES (1, '2024-08-02 15:03:18.727770 +00:00', 1, 17);
INSERT INTO public.work_kind_survey (user_id, submitted, score, work_kind_id) VALUES (1, '2024-08-01 12:54:10.518398 +00:00', 20, 17);
INSERT INTO public.work_kind_survey (user_id, submitted, score, work_kind_id) VALUES (1, '2024-07-01 12:54:10.518000 +00:00', 20, 17);
INSERT INTO public.work_kind_survey (user_id, submitted, score, work_kind_id) VALUES (1, '2024-05-01 12:54:10.518000 +00:00', 20, 17);
INSERT INTO public.work_kind_survey (user_id, submitted, score, work_kind_id) VALUES (1, '2024-05-01 12:54:10.518398 +00:00', 20, 17);
INSERT INTO public.work_kind_survey (user_id, submitted, score, work_kind_id) VALUES (1, '2024-08-01 12:54:10.518398 +00:00', 15, 14);
INSERT INTO public.work_kind_survey (user_id, submitted, score, work_kind_id) VALUES (1, '2024-08-01 12:54:10.518398 +00:00', 20, 17);
INSERT INTO public.work_kind_survey (user_id, submitted, score, work_kind_id) VALUES (1, '2024-08-01 12:54:09.809490 +00:00', 3, 17);
INSERT INTO public.work_kind_survey (user_id, submitted, score, work_kind_id) VALUES (1, '2024-08-02 14:40:13.076227 +00:00', 20, 14);
INSERT INTO public.work_kind_survey (user_id, submitted, score, work_kind_id) VALUES (1, '2024-08-01 13:12:28.229059 +00:00', 1, 10);
INSERT INTO public.work_kind_survey (user_id, submitted, score, work_kind_id) VALUES (1, '2024-08-01 13:12:28.918953 +00:00', 14, 9);
INSERT INTO public.work_kind_survey (user_id, submitted, score, work_kind_id) VALUES (1, '2024-08-01 13:12:29.517146 +00:00', 1, 8);
INSERT INTO public.work_kind_survey (user_id, submitted, score, work_kind_id) VALUES (1, '2024-08-01 13:12:30.481056 +00:00', 20, 8);
INSERT INTO public.work_kind_survey (user_id, submitted, score, work_kind_id) VALUES (1, '2024-08-01 13:12:30.939850 +00:00', 20, 14);
INSERT INTO public.work_kind_survey (user_id, submitted, score, work_kind_id) VALUES (1, '2024-08-01 13:12:31.304414 +00:00', 14, 14);
INSERT INTO public.work_kind_survey (user_id, submitted, score, work_kind_id) VALUES (1, '2024-08-01 13:12:32.183953 +00:00', 14, 9);
INSERT INTO public.work_kind_survey (user_id, submitted, score, work_kind_id) VALUES (1, '2024-08-01 13:12:32.763149 +00:00', 1, 14);
INSERT INTO public.work_kind_survey (user_id, submitted, score, work_kind_id) VALUES (1, '2024-08-02 14:40:13.267407 +00:00', 20, 14);
INSERT INTO public.work_kind_survey (user_id, submitted, score, work_kind_id) VALUES (1, '2024-05-01 12:54:09.809490 +00:00', 5, 17);
INSERT INTO public.work_kind_survey (user_id, submitted, score, work_kind_id) VALUES (1, '2024-08-01 12:54:09.069607 +00:00', 5, 14);
INSERT INTO public.work_kind_survey (user_id, submitted, score, work_kind_id) VALUES (1, '2024-08-01 12:54:09.809490 +00:00', 15, 17);
INSERT INTO public.work_kind_survey (user_id, submitted, score, work_kind_id) VALUES (1, '2024-08-01 12:54:09.069607 +00:00', 3, 14);
INSERT INTO public.work_kind_survey (user_id, submitted, score, work_kind_id) VALUES (1, '2024-08-01 13:12:31.696380 +00:00', 20, 8);
INSERT INTO public.happiness_survey (user_id, submitted, score) VALUES (1, '2024-08-03 12:54:10.518398 +00:00', 17);
INSERT INTO public.happiness_survey (user_id, submitted, score) VALUES (1, '2024-08-03 12:54:10.518398 +00:00', 15);
INSERT INTO public.happiness_survey (user_id, submitted, score) VALUES (1, '2024-07-08 09:30:00.000000 +00:00', 20);
INSERT INTO public.happiness_survey (user_id, submitted, score) VALUES (1, '2024-07-08 09:30:00.000000 +00:00', 15);
INSERT INTO public.happiness_survey (user_id, submitted, score) VALUES (1, '2024-08-04 18:32:55.910000 +00:00', 3);




